Subreddit,Submissions
Home,Where do I put the detergent ? (Liquid)
Home,"Remodeling stairwell. How best to fix up this wall? We will be staining stairs, adding backs, but unsure how to make this wall look good on a budget."
Home,Anyone who know‚Äôs what these tiles are called? Or who sells them? I‚Äôve seen them in Peter Mckinnon‚Äôs videoes
Home,67% off Hampton Hill Lauren King Size Bed Comforter Duvet 2-In-1 Set Bed In A Bag on Amazon today[67% off Hampton Hill Lauren King Size Bed Comforter Duvet 2-In-1 Set Bed In A Bag on Amazon today](http://Home0025.easierhealthideas.com/best-deals-on-amazon-right-now/#Home).
Home,Any budget friendly ideas to cover up my ugly ceiling without a ton of drywall mud?
Home,Can I use a Sealant for this? Any advice? Basement wall
Home,How would I test for 240v volts - trying to see if pump is getting 240v
Home,5 Mattress Cleaning Tips To Employ For A Healthy Bedroom
Home,6 Smart Ways to Banish germs from your Place
Home,"Stone Creations of Long Island Pavers and Masonry specializes in masonry design and outdoor living, serving communities ..."
AskReddit,"Your gender is magically switched for exactly one week, what do you do?"
AskReddit,What is a boy name that is considered as a girl name as well?
AskReddit,What's something that makes you instantly dislike someone?
AskReddit,What was your thanksgiving drama this year?
AskReddit,What is a fate worse than death?
AskReddit,"What is something that you have purchased in the past, but have never used once since then?"
AskReddit,You are given immortality with the side effect of being sent back in time 2000 years. Would you accept this offer and if so what would you do?
AskReddit,What celebrities do you suspect is an all around good person?
AskReddit,What is your Town famous for?
AskReddit,"Have you ever written down a 'genius idea' while drunk/tired/otherwise confused, then gone back to it later to find it was complete nonsense? What was your genius idea?"
pics,When you run out of things to talk about
pics,I built that :)
pics,Thanksgiving 2011-2021
pics,I cooked everything on my own for the first time for our first Thanksgiving in our first home.
pics,Waking up in Aruba
pics,Macy's Thanksgiving Day Parade in 1998
pics,"In Maryland, USA"
pics,My (regular Canadian) Thursday meal
pics,Homeless and broke but I managed to get some turkey. Very thankful. Happy Thanksgiving Reddit!
pics,Inside of a 240 years old cello
NoStupidQuestions,"November 2021 Covid-19 Pandemic megathreadThe Spanish Flu pandemic lasted for 27 months between February 1918, when it was declared a pandemic, and April 1920, when the pandemic was declared over. If Covid takes the same path, we only have another...8 months to go. 

Crap.

Welcome to yet *another* monthly megathread for Covid-19. We get so many questions every month about it, like *""If vaccinated people can still spread the virus, why do stores care if you have been vaccinated?""* or *""Does getting Covid give the same immunity as getting vaccinated?""*  ..and many of them are repeats. So we made a megathread where you can ask these questions! 

**Post all your Covid-19 related questions as a top level reply** to this monthly post.

**Top level comments are still subject to the normal NoStupidQuestions rules**:

* We get a lot of repeats - **please search before you ask your question** *(Ctrl-F is your friend!)*. You can also search [earlier megathreads](https://www.reddit.com/r/NoStupidQuestions/search/?q=flair%3A%22Covid-19+megathread%22&sort=new&restrict_sr=on&t=all) for popular questions like *""how can I convince my friend the vaccine is safe?""* or *""when do you think the pandemic will end?""*
* **Be civil** to each other - which includes not discriminating against any group of people or using slurs of any kind. Topics like this can be very important to people, or even a matter of life and death, so let's not add fuel to the fire.
* **Top level comments must be genuine questions**, not disguised rants or loaded questions. This isn't a sub for scoring points, it's about learning.
* **Keep your questions tasteful and legal.** Reddit's minimum age is just *13!* 
* Worried you have the virus or how to treat it? **All medical advice questions will be removed.** If you have a question about your personal health, *talk to your doctor.* Absolutely *must* ask strangers online? Try /r/AskDocs.

Want more Covid info? Check out [/r/Coronavirus](https://www.reddit.com/r/Coronavirus) (or [/r/CanadaCoronavirus](https://www.reddit.com/r/CanadaCoronavirus) for our Canadian readers!)."
NoStupidQuestions,"November 2021 U.S. Government and Politics megathreadIt's November, so that means election month! Voters in New Jersey and Virginia get to choose their governors - and the Supreme Court continues to make rulings, Congress continues to pass laws and fight over budgets, and Presidents and ex-Presidents continue to make news. And inspire questions.

Every single day /r/NoStupidQuestions gets multiple questions like *""What does 'Let's Go Brandon' mean?""* or *""Why are the Democrats opposed to getting rid of the Filibuster?""*  It turns out that many of those questions are the *same* ones! By request, we now have a monthly megathread to collect all those questions in one convenient spot.

**Post all your U.S. government and politics related questions as a top level reply** to this monthly post.

**Top level comments are still subject to the normal NoStupidQuestions rules**:

* We get a lot of repeats - **please search before you ask your question** *(Ctrl-F is your friend!)*. You can also search [earlier megathreads](https://www.reddit.com/r/NoStupidQuestions/search/?q=flair%3A%22politics+megathread%22&sort=new&restrict_sr=on&t=all) for popular questions like *""What is Critical Race Theory?""* or *""Can Trump run for office again in 2024?""* 
* **Be civil** to each other - which includes not discriminating against any group of people or using slurs of any kind. Topics like this can be very important to people, or even a matter of life and death, so let's not add fuel to the fire.
* **Top level comments must be genuine questions**, not disguised rants or loaded questions. 
* **Keep your questions tasteful and legal.** Reddit's minimum age is just *13!* 

Craving more discussion than you can find here? Check out /r/politicaldiscussion and /r/neutralpolitics."
NoStupidQuestions,"Whats the least awkward way of asking your flatmates name again after having stayed with them for a month already. Have had several conversations up to this point.Tried attemps
1) Checking mailbox(name not there)
2) Sending link to bullshit online game (put an alias)
3) Checking WhatsApp for nane (Put a - as profile name)
4) Asked other flatmate who has been staying with him for almost 6 months, he also has been addressing him  ""dude"" since their introduction."
NoStupidQuestions,"How do you tell your significant other you're going to take a dump?In terms of phrasing. Like I'm going to take a crap, shit, dump, poo, dookie squat? Surely there's some creative phrasing for this."
NoStupidQuestions,"What happens if you're going number 2 & the FBI breaks into your house to arrest you??I'm jw, bcz in movies they always break doors down, throw a guy off a girl while having sex or vise versa, grab them outta the shower etc. Would they do that if someone's on the toilet with a turd hanging out, or explosive diarrhea??"
NoStupidQuestions,"Why do men take off the shirt when they wanna fight, is that some kind of threat?"
NoStupidQuestions,"Why is it that chicken is pretty much THE poultry when you're buying bird at almost any time, but then with lunchmeat it all switches to turkey? Why is chicken lunchmeat so rare? Why are turkey breasts, thighs, or nuggets so rare?"
NoStupidQuestions,Why don't British people sound British when they sing?
NoStupidQuestions,Am I actually handsome or is my grandma just saying that because she loves me?
NoStupidQuestions,Is it possible to have cancer and beat it without even knowing you‚Äôve had it?
leagueoflegends,"Monday Megathread! Ask questions and share knowledge; newcomer questions encouraged!Welcome to the latest Monday Megathread, where you the community get to ask your questions and share your knowledge.

Need help against a certain champion? Unsure how and where to ward? Looking to improve your csing? This is the place to ask. This weekly thread is a place for new players to ask questions and get help/advice from more experienced players. So, don't hold back, get your game related questions ready and post away, and hopefully someone can answer them!


**[Previous threads](https://www.reddit.com/r/leagueoflegends/search?q=Monday+Megathread%21+Ask+questions+and+share+knowledge%3B+newcomer+questions+encouraged%21&sort=new&restrict_sr=on&t=year)**


***


If you wish to just view top level comments (ie questions) add **?depth=1** to the end of the page url. 

Looking to chat with people live? Come check out our discord channel [here!](http://discord.gg/lol) We also have the channel #new-player-help if you want to ask questions there.

**If you are willing to learn, /r/SummonerSchool and [its respective discord](https://discord.gg/summonerschool) are always willing to teach.**

***


**[Basic Mechanics explanation in our Wiki](http://www.reddit.com/r/leagueoflegends/wiki/faq/advanced#wiki_what_do_people_mean_by_saying_.22mechanics.22.3F)**

[New Player Guide by /u/The-All-Tomato](http://www.mobafire.com/league-of-legends/build/the-essentials-league-of-legends-new-player-game-guide-371292)

[Riot's New Player Guide](https://na.leagueoflegends.com/en/featured/new-player-guide?source=https://na.leagueoflegends.com/en/site/guide/#/?_k=25mein)

[LolEsports New Viewer Guide](https://lol.gamepedia.com/New_To_League/Welcome)

**Other:** 

* Check out our [related subreddits section](https://www.reddit.com/r/leagueoflegends/wiki/relatedsubreddits) for champion mains, teams, and other subreddits.

* Visit /r/lolstreams for all your streaming needs.

* Visit /r/lolesports for everything esports.

* Visit /r/leagueoflegendsmeta to discuss the meta game.

* Visit /r/leagueofmemes because dank memes cannot melt scuttle crab dreams.


**Please sort this post by new, so that you can see the newer, unanswered questions.**"
leagueoflegends,"2021 LCS and LEC Roster Rumors/Changes Megathread###Live thread is, well, live: https://www.reddit.com/live/17zgfe4sd0pkg/

---

Ladies and Gentlemen...welcome...to [Roster-mania!](https://www.youtube.com/watch?v=NrOemQaEJGU)

Here is a resource for all the teams, their rosters, and their coaches. I will update this continually throughout the next few days/weeks/whatever. Please feel free to correct the information in this post if you see something wrong and if I miss any updates.

#[READ THIS FIRST:](https://redd.it/hz3bix) This megathread is meant to be a central hub for roster change news as well as general discussion surrounding roster changes.

TL,DR:

* Rumors from ""journalistic"" sources and industry insiders are allowed to be submitted. Random sources from twitter, reddit, etc. are not allowed.
* Rumors that are proven or dis-proven while still on the front page will be removed.
* If a rumor is confirmed while on the front page, it will be removed and stickied on the confirmation post.
* Any general off-season roster moves discussion will be redirected to this megathread.

#You can also discuss all of these things over in /r/lolesports or [#esports on our discord server](https://discord.gg/lol).

---

###I will only include information from journalists, teams themselves, and information within Riot's contract database. Click on the name for link confirmation. Players with no link have a contract according to the [Riot Global Contract Database](https://docs.google.com/spreadsheets/d/1Y7k5kQ2AegbuyiGwEPsa62e883FYVtHqr6UVut9RC4o/pubhtml#), and have no outstanding rumors/confirmations at this time.

####I will also be removing players confirmed not to be in the LCS/LEC/NA Academy next split.

###‚òÖ = Confirmed

| LCS | TOP | JNG | MID | ADC | SUP | COACH |
|:---:|:---:|:---:|:---:|:---:|:---:|:---:|
| TSM | [Huni‚òÖ](https://www.reddit.com/r/TeamSolomid/comments/qik97d/reginald_q_a/hijw0hj/?context=3) | [Spica‚òÖ](https://www.reddit.com/r/TeamSolomid/comments/qik97d/reginald_q_a/hijw0hj/?context=3) / Hyper | Takeover | [Tactical‚òÖ](https://twitter.com/TSM/status/1462119841888980993) | [Mikyx](https://twitter.com/FreeAgencyShow/status/1460426356056072195) / Yursan | [Chawy](https://twitter.com/BloopGG/status/1461413718433148938) / Peter Zhang / Kayys / Curry |
| C9 | [Summit‚òÖ](https://twitter.com/Cloud9/status/1462148815289471000) | [Blaber‚òÖ](https://twitter.com/Cloud9/status/1462148815289471000) / Shernfire |  [Fudge‚òÖ](https://twitter.com/Cloud9/status/1462148815289471000) / [Copy](https://youtu.be/aiKjSP1mvY0) | [Berserker‚òÖ](https://twitter.com/Cloud9/status/1462148815289471000) / [Zven‚òÖ](https://twitter.com/Cloud9/status/1462148815289471000) / K1ng | [Winsome‚òÖ](https://twitter.com/Cloud9/status/1462148815289471000) / [Isles‚òÖ](https://twitter.com/Cloud9/status/1462148815289471000) | [LS](https://twitter.com/JacobWolf/status/1460845561989541891) / Reignover / Westrice |
| TL | [Bwipo‚òÖ](https://twitter.com/TeamLiquidLoL/status/1462873586797064197?s=20) | [Santorin‚òÖ](https://twitter.com/TeamLiquidLoL/status/1462103455309443076) / Armao | [Bjergsen‚òÖ](https://redd.it/r0map8) / Haeri | [Hans Sama‚òÖ](https://twitter.com/TeamLiquidLoL/status/1463205713161830403) / Yeon | [CoreJJ‚òÖ](https://twitter.com/TeamLiquidLoL/status/1462496033645252609?t=be8DA6M3Gd_T6slxgYIa6w&s=19) / Eyla | [Guilhoto‚òÖ](https://twitter.com/TeamLiquidLoL/status/1461756165264752647) / [Kold‚òÖ](https://twitter.com/TeamLiquidLoL/status/1461780143953829891) / Spawn |
| 100 | [Ssumday‚òÖ](https://twitter.com/100T_Esports/status/1460404782573789187) / [Tenacity‚òÖ](https://twitter.com/100T_Esports/status/1460404782573789187) | [Closer‚òÖ](https://twitter.com/100T_Esports/status/1460404782573789187) / Kenvi | [Abbedagge‚òÖ](https://twitter.com/100T_Esports/status/1460404782573789187) / Ryoma | [FBI‚òÖ](https://twitter.com/100T_Esports/status/1460404782573789187) | [Huhi‚òÖ](https://twitter.com/100T_Esports/status/1460404782573789187) / Busio | Reapered / [Mithy](https://twitter.com/FreeAgencyShow/status/1460418957521924098) / Freeze / Goldenglue |
| EG | Impact | [Inspired‚òÖ](https://twitter.com/EvilGeniuses/status/1462851093621264385) / Svenskeren / Tomio | [Jojopyun‚òÖ](https://twitter.com/EvilGeniuses/status/1460398075533537280) | Danny / TeamLuke | [Vulcan‚òÖ](https://twitter.com/EvilGeniuses/status/1460699551917031424) / IgNar | Peter Dun / Artemis |
| GGS | [Licorice‚òÖ](https://twitter.com/GoldenGuardians/status/1460352154531778567) | [Pridestalker‚òÖ](https://twitter.com/GoldenGuardians/status/1460669243788308487) / Iconic | [Ablazeolive‚òÖ](https://twitter.com/GoldenGuardians/status/1460352154531778567) | [Lost‚òÖ](https://twitter.com/GoldenGuardians/status/1461071244430692354) / [Prismal](https://twitter.com/Upcomer/status/1460286738518192138) / Stixxay | [Olleh‚òÖ](https://twitter.com/GoldenGuardians/status/1460399686607507460) / Chime | Inero / ChuChuZ |
| FLY | [Hauntzer](https://youtu.be/aiKjSP1mvY0) / Kumo / Philip | Josedeodo / [Yuuji‚òÖ](https://twitter.com/FlyQuest/status/1463250763648741376) | [Toucouille‚òÖ](https://twitter.com/FlyQuest/status/1462889090999799811) / [Spirax‚òÖ](https://twitter.com/FlyQuest/status/1463250763648741376)| [Johnsun‚òÖ](https://twitter.com/FlyQuest/status/1461408865585664001) / Tomo | [Aphromoo‚òÖ](https://twitter.com/FlyQuest/status/1461408865585664001) | Soulstrikes / Sharkz / Phantiks |
| CLG | [Jenkins‚òÖ](https://twitter.com/clgaming/status/1461741067942776836) | [Contractz‚òÖ](https://twitter.com/clgaming/status/1461741067942776836) | [Palafox‚òÖ](https://twitter.com/clgaming/status/1461741067942776836) | [Luger‚òÖ](https://twitter.com/clgaming/status/1461741067942776836) | [Poome‚òÖ](https://twitter.com/clgaming/status/1461741067942776836)  | [Thinkcard‚òÖ](https://twitter.com/clgaming/status/1458147380000264195) / [Croissant‚òÖ](https://twitter.com/clgaming/status/1458147985334751234) |
| IMT | [Revenge‚òÖ](https://twitter.com/Immortals/status/1460430419854348289) | [Xerxe‚òÖ](https://twitter.com/Immortals/status/1461121983320494080) / AnDa | [PowerOfEvil‚òÖ](https://twitter.com/Immortals/status/1460464237612912640) | [Wildturtle‚òÖ](https://twitter.com/Immortals/status/1461085538648150017) | [Destiny‚òÖ](https://twitter.com/Immortals/status/1461106883410882560) / Joey | Nightshare |
| DIG | [FakeGod‚òÖ](https://twitter.com/dignitas/status/1460699192570089475) | [River](https://twitter.com/FreeAgencyShow/status/1460420375939104768) | [Blue](https://twitter.com/FreeAgencyShow/status/1460420375939104768) | [Neo‚òÖ](https://twitter.com/dignitas/status/1460684096368091136) / Spawn | [Biofrost‚òÖ](https://twitter.com/dignitas/status/1461111569107013637) | [Enatron‚òÖ](https://twitter.com/dignitas/status/1460714293398175744) |


---

| LEC | TOP | JNG | MID | ADC | SUP | COACH |
|:---:|:---:|:---:|:---:|:---:|:---:|:---:|
| G2 | [Broken Blade](https://twitter.com/Esportmaniacos/status/1438140996861181953) | Jankos / [Alexx](https://twitter.com/i_Eros_/status/1460249632504692736) | Caps | [Flakked](https://twitter.com/BloopGG/status/1455646586898456576) | [Targamas](https://twitter.com/BloopGG/status/1454460096747032583) / [Efias](https://twitter.com/i_Eros_/status/1460249632504692736) | [Dylan Falco](https://twitter.com/Esportmaniacos/status/1438140996861181953) / Nelson / [Melzhet](https://twitter.com/i_Eros_/status/1460249632504692736) |
| FNC | [Wunder](https://twitter.com/BloopGG/status/1460728528333422594) | [Razork](https://twitter.com/FreeAgencyShow/status/1460407229232951299) / Maxi | [Humanoid](https://twitter.com/FreeAgencyShow/status/1460427282204577802) / [Nisqy\(?\)](https://twitter.com/LEC_Wooloo/status/1459933108883578881) | Upset / Bean | [Hylissang](https://dotesports.com/league-of-legends/news/sources-selfmade-extends-his-contract-with-team-vitality-for-one-more-year) / Rhuckz | YamatoCannon / Delord |
| VIT | [Alphari](https://twitter.com/anonimotum/status/1455082308038443009) / [Szygenda](https://twitter.com/LEC_Wooloo/status/1461481061410611205) / SLT | [Selfmade](https://dotesports.com/league-of-legends/news/sources-selfmade-extends-his-contract-with-team-vitality-for-one-more-year) / [Skeanz](https://www.upcomer.com/sources-vitality-bee-complete-roster-with-jeskla-and-szygenda/) | [Perkz](https://twitter.com/anonimotum/status/1455082308038443009) / LIDER / [Diplex](https://www.upcomer.com/sources-vitality-bee-complete-roster-with-jeskla-and-szygenda/) | [Carzzy](https://twitter.com/BloopGG/status/1456625359307350016) / [Jeskla](https://twitter.com/LEC_Wooloo/status/1461481061410611205) | Labrov / [Jactroll](https://twitter.com/anonimotum/status/1457818255591104515) | Tasz / Mephisto |
| MAD | Armut / [Ga√´than](https://twitter.com/anonimotum/status/1461283649861607427) | Elyoya / [Hades](https://www.upcomer.com/sources-denvoksne-verbally-agrees-to-play-for-mad-lions-madrid-in-2022/) | [Reeker‚òÖ](https://twitter.com/MADLions_EN/status/1463190707972325382) / Knighter | [UNF0RGIVEN‚òÖ](https://twitter.com/MADLions_EN/status/1463190707972325382) / [DenVoksne](https://twitter.com/anonimotum/status/1459658150328606724) | Kaiser / [Lilipp](https://www.upcomer.com/sources-lilipp-verbally-agrees-to-play-for-mad-lions-madrid-in-2022/) | Mac / Pad / [Karakal Jr](https://www.upcomer.com/sources-gaethan-top-laner-mad-lions-madrid-karakal-jr-head-coach/) |
| MSF | [HiRit](https://twitter.com/FreeAgencyShow/status/1460400182240161796) | [Shlatan](https://twitter.com/FreeAgencyShow/status/1460400182240161796) | [Vetheo](https://twitter.com/FreeAgencyShow/status/1460400182240161796) / Sertuss | [Neon](https://twitter.com/FreeAgencyShow/status/1460400182240161796) | [Vander](https://twitter.com/FreeAgencyShow/status/1460400182240161796) | Carter / Xani / [Hiiva](https://twitter.com/LEC_Wooloo/status/1460335863557246979) |
| RGE | Odoamne / Sinmivak | Malrang / Lurox | Larssen | Comp / Lucker | Trymbi / Pyrka | Klaj / [SeeEl](https://twitter.com/anonimotum/status/1460325904413036545) |
| BDS | [Adam](https://twitter.com/Upcomer/status/1460359816275185673) / [Agresivoo](https://twitter.com/LEC_Wooloo/status/1460595620075474945) | [Cinkrof](https://twitter.com/anonimotum/status/1456776886240088068) / [Sheo](https://twitter.com/LEC_Wooloo/status/1460595620075474945) | [NUCLEARINT](https://twitter.com/Esportmaniacos/status/1433714522049687573) / [Xico‚òÖ](https://twitter.com/TeamBDS/status/1463183776738168840) | [xMatty](https://twitter.com/BloopGG/status/1458199719457480706) / [Crownshot](https://twitter.com/LEC_Wooloo/status/1460595620075474945) | [Limit](https://twitter.com/Pi0run123/status/1434611164609191936) / [Erdote](https://twitter.com/LEC_Wooloo/status/1460595620075474945) | [Grabbz](https://www.esportmaniacos.com/sin-categoria/grabbz-sera-head-coach-team-bds/) |
| XL | [Finn‚òÖ](https://twitter.com/EXCEL/status/1461397401789505539) / [Kryze](https://twitter.com/JaxonMVP/status/1435915463570116613) / Orome | [Markoon‚òÖ](https://twitter.com/EXCEL/status/1460306604771868672) / [Dan](https://www.upcomer.com/report-bt-excel-to-sign-emenes-and-torok-for-2022-roster/) | [Nukeduck‚òÖ](https://twitter.com/EXCEL/status/1461031380389744640) / [EMENES](https://twitter.com/anonimotum/status/1461066862435917835) | [Patrik‚òÖ](https://twitter.com/EXCEL/status/1459944277946077190) | [Advienne‚òÖ](https://twitter.com/EXCEL/status/1460578403120136194) | [Youngbuck‚òÖ](https://twitter.com/EXCEL/status/1459219451623055362) / [Torok](https://twitter.com/anonimotum/status/1461066862435917835) |
| SK | Jenax / [Alois](https://twitter.com/LEC_Wooloo/status/1461717517366439943) | Gilius / [Eckas](https://twitter.com/LEC_Wooloo/status/1461717517366439943) | Sertuss / [Dehaste](https://twitter.com/LEC_Wooloo/status/1461116878043156480) | Jezu / [Gadget](https://twitter.com/LEC_Wooloo/status/1461717517366439943) | Treatz / [Mystiques](https://twitter.com/LEC_Wooloo/status/1461717517366439943) | [Swiffer](https://www.esportmaniacos.com/lol/swiffer-head-coach-sk-gaming/) |
| AST | WhiteKnight / [Carlsen](https://twitter.com/Megalodontus/status/1460683309944434690) | [Zanzarah](https://www.upcomer.com/sources-confirm-promisq-and-zanzarah-staying-with-astralis-through-2022/) / [Taxer](https://twitter.com/Megalodontus/status/1460683309944434690) | [Dajor‚òÖ](https://twitter.com/AstralisLoL/status/1461348480161615872) / [Chres](https://twitter.com/Megalodontus/status/1460683309944434690) | [Kobbe‚òÖ](https://twitter.com/AstralisLoL/status/1460638864918429700) / [Chrisberg](https://twitter.com/Megalodontus/status/1460683309944434690) | [promisq](https://www.upcomer.com/sources-confirm-promisq-and-zanzarah-staying-with-astralis-through-2022/) / [Wendelbo](https://twitter.com/Megalodontus/status/1460683309944434690) | AoD / Hansen / [Donby](https://twitter.com/Megalodontus/status/1460683309944434690) |

---

#FREE AGENTS

^(Includes players looking for opportunities or expiring contracts)

####LCS & LEC
| TOP | JNG | MID | ADC | SUP |
|:---:|:---:|:---:|:---:|:---:|
| [Solo](https://twitter.com/GoldenGuardians/status/1412516817839411203) | [Dardoch](https://twitter.com/Dardoch/status/1443669368383016979) |  | [Cody Sun](https://twitter.com/TSM/status/1443712248011112467) | [SwordArt](https://twitter.com/TSM/status/1454086640394252292) |
| [Hauntzer](https://twitter.com/TSM/status/1443712248011112467) | [Chad](https://twitter.com/ChadJungleLoL/status/1456360021839671296) | [Sword](https://twitter.com/TSM/status/1443712248011112467) | [Katsurii](https://twitter.com/clgaming/status/1457890684803952640) | [Hooks](https://twitter.com/clgaming/status/1457890684803952640) |
| [Gamsu](https://twitter.com/GamsuLoL/status/1444733288233324544) | [RoseThorn](https://twitter.com/GoldenGuardians/status/1458887503520358406) | [KatEvolved](https://twitter.com/katevolved/status/1450955903440547842) | [Raes](https://twitter.com/Immortals/status/1460424527976931338?s=20) | [Dreams](https://mobile.twitter.com/dreams1LoL/status/1448447623904444422) |
| [Thien](https://twitter.com/clgaming/status/1457890684803952640) | [Nxi](https://twitter.com/FlyQuest/status/1463205793168334848) | [Triple](https://twitter.com/TripleOCE/status/1449554974166241282) | [Keith](https://twitter.com/Immortals/status/1461129526725931011) | [Smoothie](https://twitter.com/clgaming/status/1460412305997500416) |
| [Darshan](https://twitter.com/DarshanU/status/1454954000877436928?s=20) | [Broxah](https://twitter.com/clgaming/status/1460412305997500416) | Jensen(?) | Sneaky | [Newbie](https://twitter.com/GoldenGuardians/status/1458887503520358406) |
|  | Keel | 5fire | Doublelift | [Diamond](https://twitter.com/Diamondgg/status/1455259649830232074) |
| [V1per](https://twitter.com/Immortals/status/1462861297175781380?s=20) | Will | [Pretty](https://twitter.com/Pretty_GRE/status/1454540389738684417) | [Value](https://twitter.com/Value247/status/1440764590778765324) | [JayJ](https://twitter.com/DignitasLoL/status/1460382109835534340) |
| [Dhokla](https://twitter.com/dhoklalol/status/1453150368053923841) | [Akaadian](https://twitter.com/DignitasLoL/status/1460412301358497793?s=20) | [Yunbee](https://twitter.com/GoldenGuardians/status/1458887503520358406) |  | [Biofrost](https://twitter.com/Biofrostlol/status/1433550344919805990) |
| [Lourlo](https://twitter.com/DignitasLoL/status/1460351905679347712) |  | [Jiizuke](https://twitter.com/EvilGeniuses/status/1460389652037312512) |  | [Zeyzal](https://twitter.com/TravisGafford/status/1460351507052707842) |
| [Tony Top](https://twitter.com/LOLTonyTop/status/1450935250025160706) |  | [Damonte](https://twitter.com/clgaming/status/1460412305997500416) |  |  |
|  |  | rjs |  |  |
|  |  | [Insanity](https://twitter.com/insanitylol/status/1450904343335473153?t=pWefsaMPUOFUz8DJJHPAhg&s=19)  |  |
|  |  | [Soligo](https://twitter.com/DignitasLoL/status/1460382109835534340) |  |
|  |  | [Yusui](https://twitter.com/DignitasLoL/status/1460382109835534340) |  |

&nbsp;

| TOP | JNG | MID | ADC | SUP |
|:---:|:---:|:---:|:---:|:---:|
| [Yoppa](https://twitter.com/Yoppalol/status/1460675432592855047) | [Memento](https://twitter.com/MementoLoL/status/1460672401054781447) | Czajek | SMILEY | [Mystiques](https://twitter.com/MystiquesLOL/status/1459627774927417355) |
| iBo | Kirei | [Zwyroo](https://twitter.com/Zwyrooo/status/1460263304849502211) | [Hjarnan](https://twitter.com/Hjarnanx/status/1460576149755641858) | [YellOwStaR](https://twitter.com/LDLC_OL/status/1460654396237402116) |
| [Pride](https://twitter.com/pride__lol/status/1460675532639674369) | Bluerzor | Milica |  | Steeelback |
|  | Alexx |  | [Deadly](https://twitter.com/EXCEL/status/1462798767493627905) | [Visdom](https://twitter.com/GamerLegion/status/1460219369032667145) |
|  | Maxlore |  | Woolite | [Jesiz](https://twitter.com/SKGaming/status/1458435885603643396) |
| sOAZ |  | [MagiFelix](https://twitter.com/AstralisLoL/status/1440616874778132498) |  | [Denyk](https://twitter.com/EXCEL/status/1462118675520102417) |
| Vizicsaci | Gilus |  |  | Tore |
|  | Obsess |  |  |  |

&nbsp;

####LCK & LPL

| TOP | JNG | MID | ADC | SUP |  | TOP | JNG | MID | ADC | SUP |
|:---:|:---:|:---:|:---:|:---:|:---:|:---:|:---:|:---:|:---:|:---:|
| [Destroy](https://twitter.com/DRXGlobal/status/1438774803591172097) | [Clid](https://twitter.com/GenG/status/1461590061741453314) | [Yaharong](https://twitter.com/KorizonEsports/status/1460116897811206147) | [Prince](https://twitter.com/LiivSANDBOX/status/1460397316699869185) |  |  | Garvey | H4cker | Knight | Samd | Baolan |
|  | [Mowgli](https://twitter.com/T1LoL/status/1460555769338728449) | [Mireu](https://twitter.com/T1LoL/status/1463394650064969731) | [Deokdam](https://twitter.com/NS_RedForce/status/1460910605863325700) | [Zzus](https://twitter.com/KorizonEsports/status/1460220316643332100) |  | [TheShy](https://twitter.com/BoysBeInvictus/status/1461278018991955971) | Youxin | Icon | Kramer | Southwind |
|  |  |  |  | [Kellin](https://twitter.com/ns_redforce/status/1461148118964047875?s=21) |  | Ale | [Tian](https://twitter.com/FPX_Esports/status/1461237998595440643) | Twila | Smlz | [ppgod](https://twitter.com/HupuEsports/status/1463433931970138114) |
| [SoHwan](https://twitter.com/NasrEsportsTR/status/1460261326719234056) | [YoungJae](https://twitter.com/GenG/status/1460397201654366214) | [Gori](https://twitter.com/NS_RedForce/status/1460173635830747142) | [Wayne](https://twitter.com/NS_RedForce/status/1460173635830747142) |  |  | [Aliez](https://twitter.com/HupuEsports/status/1463129375835000834) | Clearlove | [Mole](https://twitter.com/HupuEsports/status/1463030054003167232) | Viper | Mark |
| [Hoya](https://twitter.com/KorizonEsports/status/1460116897811206147) | [Flawless](https://twitter.com/GenG_KR/status/1460397208323477506) | [Fly](https://twitter.com/freecs_lol/status/1460397365194465286?s=21) | [Deft](https://twitter.com/HLEofficial/status/1460402357745815558) | [BeryL](https://twitter.com/AshleyKang/status/1460398399723765766) |  | New | Haro | Xiye | Eric | Ming |
| [Rich](https://twitter.com/NS_RedForce/status/1460903036474122244) | [OnFleek](https://twitter.com/LiivSANDBOX/status/1459748071747715079) |  | [Bang](https://twitter.com/freecs_lol/status/1460397365194465286?s=21) |  |  | 369 | Kui | Forge | Snow | Maestro |
| [Morgan](https://twitter.com/HLEofficial/status/1462715981868912644?s=20) | [Chieftain](https://twitter.com/KorizonEsports/status/1460116897811206147) | [Ucal](https://twitter.com/KorizonEsports/status/1460219453472329729) |  |  |  | [Nuguri](https://twitter.com/FPX_Esports/status/1460858175540719618) | Ning | Yuekai | Puff |  |
|  | [bonO](https://twitter.com/NasrEsportsTR/status/1460261326719234056) | [Showmaker](https://twitter.com/AshleyKang/status/1460398399723765766) | [HyBriD](https://twitter.com/KorizonEsports/status/1460220316643332100) |  |  |  | Xiaopeng | [Zeka](https://twitter.com/KorizonEsports/status/1461594670673260555) |  |  |
|  | [Canyon](https://twitter.com/AshleyKang/status/1460398399723765766) |  |  |  |  |  | JunJia | Ye | Betty |  |
|  | [Blank](https://www.facebook.com/ktesports/posts/4691571987570048) | [Aria](https://twitter.com/teamDFM/status/1460548501679403019) |  |  |  |  |  | Cryin | Wink |  |
|  | [SeongHwan](https://twitter.com/seonghwanlol/status/1460594545318830085) | [Keine](https://twitter.com/Freecs_LoL/status/1460397381552197643) |  |  |  |  |  | Rookie |  |  |
|  |  |  |  |  |  |  |  | [Doinb](https://twitter.com/FPX_Esports/status/1462670079187828740) |  |  |
|  |  |  |  |  |  |  |  | FoFo |  |  |"
leagueoflegends,MayTree - Enemy (acapella)
leagueoflegends,"In-House Tournament hosted by CoreJJ feat. Blaber, Spica, Doublelift, etc.Teams will be made up of 3 LCS Pros, 1 Academy, and 1 Rookie. Should be very exciting to watch especially since a lot of people are home for the holidays, and there isn't any competitive content. Definitely a good break from all the off season drama.

Nov 26-28th. 5PM PST

https://twitter.com/TLCoreJJ/status/1464097908957974529

I'm excited to see what other pros/players are going to be joining in on the fun.

Looks like a minimum of 12 LCS pros including EG Danny: https://twitter.com/EG_Danny/status/1464100838150868994"
leagueoflegends,"Uzi's father confirms the return of Uzi: He is negotiating with a certain clubAccording to local media from Uzi's hometown, Uzi's father confirms Uzi is negotiating contracts with certain clubs: 

""In order to come back from retirement, he is now in Shanghai doing the daily practices. He is negotiating with a certain club, but I can't share the detail."" 

source: [https://twitter.com/HupuEsports/status/1464228062170533895](https://twitter.com/HupuEsports/status/1464228062170533895)"
leagueoflegends,I really like the new animation for control wards that shows you the reveal rangeI haven't seen anyone mention this change yet and I'm not sure it was included in the patch notes but there's a new animation when you place control wards. When you place a control ward there is now a small blue kind of shockwave that shows the reveal range of the control ward and it is a really subtle change but it is the kind of thing that makes a difference and is really pleasant to see.
leagueoflegends,LEGENDARY G2 Coaching Staff joins Team BDS - Welcome GrabbZ and Duffman
leagueoflegends,Paramount+ developing a League of Legends Esport series
leagueoflegends,"Swain been watching arcane with usIn every single major event in Arcane, there has been a scene when a raven/crow has been sitting nearby or flying away. Swain knows everything. Swain uses the birds to obtain knowledge. So i think swain has been sending birds to piltover and zaun to obtain info throughout all of the show. Why else would they constantly show birds flying away and why are they always the same type of bird. This might be a stretch but so was Riot Games making a TV show."
leagueoflegends,Infographic - Jensen
gaming,"Free Talk Friday!Use this post to discuss life, post memes, or just talk about whatever! 

This thread is posted weekly on Fridays (adjustments made as needed)."
gaming,"""Dragon of Dojima"" Kazuma Kiryu"
gaming,The Water Temple.
gaming,Was not a great month for gaming‚Ä¶
gaming,Told my son we'd break this out when he turned 7. Today's the day!
gaming,Modders did it!
gaming,Finished a Super Mario bedroom which is definitely for my son and not for me. (OC)
gaming,"Finally doing my very 1st playthrough of Fallout 4. For my first character, I made Chad Thundercock."
gaming,"Never change, Halo..."
gaming,"I am 64 years old and I have been gaming since I was in high schoolWe played Hunt the Wumpass in highschool, went on to Pong, Donkey Kong, TRS 80 games, consoles from the Atari to my current PS4.  I am playing Far Cry 6 right now, enjoying it."
PublicFreakout,"/r/PublicFreakout is now accepting applications for new comment moderators.Hello all,

As many have noticed the subreddit continues to grow at a rapid pace due to world events and we are quickly approaching the 4 million member mark.

In that context, over the past few months many of you have reached out to us via modmail with offers to join the mod team and, during that time period, we asked each applicant to keep an eye out for a sticky thread of this nature. 

As such, while we are in need of moderators sooner rather than later, we have decided that we will still go through with this application process in the interest of fairness to those who had previously reached out seeking a spot on the team.

To be considered, please fill out the following form (no email address required) and ensure you spell your reddit username exactly as it appears on reddit (include any hyphens, underscores, etc).

https://docs.google.com/forms/d/e/1FAIpQLSfqAaVBLZP5XJhBs4xDfKQ6cWsBrTZVg6CQMtMwedOyU_bujQ/viewform"
PublicFreakout,Solomon Islands people burnt down their national parliament after its government cut ties with Taiwan in favour of China.
PublicFreakout,Man chases terrified woman down an alley as she is panicking for her life
PublicFreakout,The land of a thousand welcomes..
PublicFreakout,Man harasses Asian American woman and her friend after they ignore his catcalls.
PublicFreakout,Man tries to pick up his son from his exes house and gets shot twice by by his sons stepfather.
PublicFreakout,(Follow Up) After A Father Was Gunned Down By A Well Connected Land Developer And Prominent Donor To The Lubbock Republican Party Crucial Records Have Been Actively Sealed And The Man Has Yet To Be Arrested.
PublicFreakout,Nice use of technique used to control and calm
PublicFreakout,Worker gets Slapped For messing Up His Order!
PublicFreakout,Comedy Karen and her son have a bad time at a open mic in Harlem
antiwork,Slate does a great job describing Antiwork and remarkably avoids a corporatist's slant.
antiwork,"Weekly Discussion ThreadStickied 'Open mic' thread.

Post anything that doesn't quite deserve its own thread. Rant and vent, or ask questions.

[FAQs](https://www.reddit.com/r/antiwork/wiki/index#wiki_frequently_asked_questions) | [library](https://www.reddit.com/r/antiwork/wiki/library)"
antiwork,Breaking News: Extinction Rebellion blockade 13 Amazon fulfilment centres across the UK in solidarity with striking workers üåç‚ù§Ô∏è‚úä
antiwork,The Largest Amazon Site in Europe Have Had Their Goods Out Road Blocked to Protest Black Friday
antiwork,Uk Black Friday protests at Amazon
antiwork,Found at the Claire‚Äôs store inside of the Walmart I work at. Managers took it down before any customers could see it but was able to get a pic of it first
antiwork,Posting this because it's Friday and I have pulled 3 unnecessary 12 hour shifts this week.
antiwork,Reddit is trying to snuff out anti work.I believe Reddit is removing posts and lowering upvotes. There is also lots of posts against anti work. This will probably be removed but i thought it needed to be said.
antiwork,Go away
antiwork,How in the hell
funny,"ANNOUNCEMENT: We're making some changes to how comics are handled.Hey, folks!

The moderators of /r/Funny have been hearing some concerns lately.

Maybe I should rephrase that.

The moderators of /r/Funny have been hearing some concerns *about a specific topic* lately‚Ä¶ and surprisingly, said topic is not in any way related to our questionable choices in hairstyles.

Basically, a large number of folks have pointed out that /r/Funny is dominated by comic strips nowadays‚Ä¶ and that‚Äôs ‚Äúdominated‚Äù in the sense of ‚Äúpopulated predominantly by,‚Äù not the sense of ‚Äútied to a fence post and made to shout ‚ÄòYes, Daddy!‚Äô at passing mopeds.‚Äù 

Anyway, we‚Äôve spent some time looking into this, and we‚Äôve come to the conclusion that it‚Äôs true: At any given moment, over half of the subreddit‚Äôs top posts are comics. More often than not, two thirds of the visible content here has a four-panel nature.

This isn‚Äôt really a problem in and of itself ‚Äì there are a number of very talented comic-creators here, and it‚Äôs clear that the community appreciates their work ‚Äì but other submissions (especially those offered in unique or unfamiliar formats) are being eclipsed. In short, /r/Funny is slowly becoming a comic-focused subreddit instead of one devoted to all varieties of humorous content.

As such, we‚Äôre going to be experimenting with something new:

**Starting on June 16th, /r/Funny will attempt to annex Sealand.**

Wait, sorry, that‚Äôs‚Ä¶ that‚Äôs a different thing.

Here we go:

**Starting on June 16th, Wednesdays will be comic-free days on /r/Funny.**

We‚Äôll be testing this rule for several weeks, after which we‚Äôll invite your feedback. At the same time, some adjustments will be made to the process for verifying comic-creators. (Authors who have already been verified will not be affected by this.) The wording of Rule 8 will be updated to reflect both of these changes, and [the complete rules page](https://www.reddit.com/r/funny/wiki/rules) will be restructured, as well.

As always, if you have questions or concerns (that are *not* focused on hairstyles), feel free to offer them!

On a completely unrelated note, does anyone have a battleship? We're asking for a friend."
funny,"Subreddit Of The Month [November 2021]: /r/cracktivities/. Know of a small (under 30,000 subscribers) humor-based subreddit that deserves a month in the spotlight? Link it inside!"
funny,This what The Big Bang theory wishes it was.
funny,The Narrator is a jerk
funny,We too have family traditions.
funny,"""Ummm‚Ä¶ is he okay?"""
funny,Penguins
funny,Listen to your heart
funny,He must be in hurry
funny,Happy (ending) Thanksgiving!
memes,Please read rule 7 before posting!
memes,R/MEMES ELIMINATION GAME - ROUND 6 - Cya winking Agatha ;) Vote out your least favourite 2021 meme trend/template in the pinned comment's poll! The last meme standing will be crowned the most popular 2021 meme trend!
memes,Who am I and where am I?
memes,Americans be like
memes,While writing 1000 words essay
memes,What a waste of money
memes,The older siblings to an entire generation
memes,The flying dragon was more believable than this
memes,Greedy motherfuckers
memes,I am so popular
